DataFrameIndex,Role,URL,Status
1233,DEPENDENT,EOP,ERROR:INVALID_URL
1268,DEPENDENT,Congress,ERROR:INVALID_URL
1271,DEPENDENT,USDA,ERROR:INVALID_URL
1273,DEPENDENT,OMB,ERROR:INVALID_URL
1274,DEPENDENT,OMB,ERROR:INVALID_URL
1275,DEPENDENT,OMB,ERROR:INVALID_URL
2222,DEPENDENT,OMB,ERROR:INVALID_URL
2270,DEPENDENT,OMB,ERROR:INVALID_URL
2273,DEPENDENT,OMB,ERROR:INVALID_URL
2612,DEPENDENT,OMB,ERROR:INVALID_URL
2613,DEPENDENT,OMB,ERROR:INVALID_URL
2644,DEPENDENT,OMB,ERROR:INVALID_URL
2645,DEPENDENT,OMB,ERROR:INVALID_URL
2646,DEPENDENT,OMB,ERROR:INVALID_URL
2647,DEPENDENT,OMB,ERROR:INVALID_URL
2648,DEPENDENT,OMB,ERROR:INVALID_URL
2694,DEPENDENT,OMB,ERROR:INVALID_URL
2709,DEPENDENT,OMB,ERROR:INVALID_URL
2724,DEPENDENT,OMB,ERROR:INVALID_URL
2763,DEPENDENT,OMB,ERROR:INVALID_URL
2765,DEPENDENT,OMB,ERROR:INVALID_URL
2790,DEPENDENT,OMB,ERROR:INVALID_URL
2810,DEPENDENT,OMB,ERROR:INVALID_URL
2816,DEPENDENT,OMB,ERROR:INVALID_URL
2837,DEPENDENT,OMB,ERROR:INVALID_URL
2838,DEPENDENT,OMB,ERROR:INVALID_URL
2839,DEPENDENT,OMB,ERROR:INVALID_URL
2840,DEPENDENT,OMB,ERROR:INVALID_URL
2841,DEPENDENT,OMB,ERROR:INVALID_URL
2842,DEPENDENT,OMB,ERROR:INVALID_URL
2843,DEPENDENT,OMB,ERROR:INVALID_URL
2844,DEPENDENT,OMB,ERROR:INVALID_URL
2845,DEPENDENT,OMB,ERROR:INVALID_URL
2846,DEPENDENT,OMB,ERROR:INVALID_URL
