Component,Source ,Component Description,URL
"Designating the Board of Peace as a Public International Organization Entitled To Enjoy Certain Privileges, Exemptions, and Immunities","Designating the Board of Peace as a Public International Organization Entitled To Enjoy Certain Privileges, Exemptions, and Immunities",,https://www.federalregister.gov/documents/2026/01/22/2026-01271/designating-the-board-of-peace-as-a-public-international-organization-entitled-to-enjoy-certain
"Religious Freedom Day, 2026","Religious Freedom Day, 2026",,https://www.federalregister.gov/documents/2026/01/22/2026-01270/religious-freedom-day-2026
"Standard Instrument Approach Procedures, and Takeoff Minimums and Obstacle Departure Procedures; Miscellaneous Amendments","Standard Instrument Approach Procedures, and Takeoff Minimums and Obstacle Departure Procedures; Miscellaneous Amendments","This rule establishes, amends, suspends, or removes Standard Instrument Approach Procedures (SIAPS) and associated Takeoff Minimums and Obstacle Departure procedures (ODPs) for operations at certain airports. These regulatory actions are needed because of the adoption of new or revised criteria, or because of changes occurring in the National Airspace System, such as the commissioning of new navigational facilities, adding new obstacles, or changing air traffic requirements. These changes are designed to provide safe and efficient use of the navigable airspace and to promote safe flight operations under instrument flight rules at the affected airports.",https://www.federalregister.gov/documents/2026/01/22/2026-01215/standard-instrument-approach-procedures-and-takeoff-minimums-and-obstacle-departure-procedures
Airworthiness Directives; Honda Aircraft Company LLC Airplanes,Airworthiness Directives; Honda Aircraft Company LLC Airplanes,"The FAA proposes to adopt a new airworthiness directive (AD) for certain Honda Aircraft Company LLC (Honda) Model HA-420 airplanes. This proposed AD was prompted by a report of tool damage to multiple locations on the interior fuselage skin fiber and the omission of certain service material from the Airworthiness Limitations Section (ALS) of the maintenance manual. This proposed AD would require incorporating certain material into the ALS of the existing maintenance or inspection program, as applicable. The FAA is proposing this AD to address the unsafe condition on these products.",https://www.federalregister.gov/documents/2026/01/22/2026-01198/airworthiness-directives-honda-aircraft-company-llc-airplanes
Fisheries of the Exclusive Economic Zone Off Alaska; Pacific Cod by Vessels Using Pot Gear in the Central Regulatory Area of the Gulf of Alaska,Fisheries of the Exclusive Economic Zone Off Alaska; Pacific Cod by Vessels Using Pot Gear in the Central Regulatory Area of the Gulf of Alaska,NMFS is prohibiting directed fishing for Pacific cod by vessels using pot gear in the Central Regulatory Area of the Gulf of Alaska (GOA). This action is necessary to prevent exceeding the A season allowance of the 2026 total allowable catch (TAC) of Pacific cod allocated to vessels using pot gear in the Central Regulatory Area of the GOA.,https://www.federalregister.gov/documents/2026/01/22/2026-01197/fisheries-of-the-exclusive-economic-zone-off-alaska-pacific-cod-by-vessels-using-pot-gear-in-the
Agency Information Collection Activities: Proposed Collection; Comment Request,Agency Information Collection Activities: Proposed Collection; Comment Request,"The Centers for Medicare & Medicaid Services (CMS) is announcing an opportunity for the public to comment on CMS' intention to collect information from the public. Under the Paperwork Reduction Act of 1995 (PRA), federal agencies are required to publish notice in the Federal Register concerning each proposed collection of information (including each proposed extension or reinstatement of an existing collection of information) and to allow 60 days for public comment on the proposed action. Interested persons are invited to send comments regarding our burden estimates or any other aspect of this collection of information, including the necessity and utility of the proposed information collection for the proper performance of the agency's functions, the accuracy of the estimated burden, ways to enhance the quality, utility, and clarity of the information to be collected, and the use of automated collection techniques or other forms of information technology to minimize the information collection burden.",https://www.federalregister.gov/documents/2026/01/22/2026-01196/agency-information-collection-activities-proposed-collection-comment-request
Notice of Intent To Extend and Revise a Previously Approved Information Collection,Notice of Intent To Extend and Revise a Previously Approved Information Collection,"In accordance with the Paperwork Reduction Act of 1995 and Office of Management and Budget (OMB) regulations, this notice announces the National Institute of Food and Agriculture's (NIFA) intention to extend and revise a previously approved information collection, entitled Expanded Food and Nutrition Education Program (EFNEP).",https://www.federalregister.gov/documents/2026/01/22/2026-01195/notice-of-intent-to-extend-and-revise-a-previously-approved-information-collection
"Importer of Controlled Substances Application: Siegfried USA, LLC","Importer of Controlled Substances Application: Siegfried USA, LLC","Siegfried USA, LLC has applied to be registered as an importer of basic class(es) of controlled substances(s). Refer to SUPPLEMENTARY INFORMATION listed below for further drug information.",https://www.federalregister.gov/documents/2026/01/22/2026-01194/importer-of-controlled-substances-application-siegfried-usa-llc
L-Lysine From the People's Republic of China: Preliminary Affirmative Countervailing Duty Determination and Alignment of Final Determination With Final Antidumping Duty Determination,L-Lysine From the People's Republic of China: Preliminary Affirmative Countervailing Duty Determination and Alignment of Final Determination With Final Antidumping Duty Determination,"The U.S. Department of Commerce (Commerce) preliminarily determines that countervailable subsidies are being provided to producers and exporters of L-lysine (lysine) from the People's Republic of China (China). The period of investigation is January 1, 2024, through December 31, 2024. Interested parties are invited to comment on this preliminary determination.",https://www.federalregister.gov/documents/2026/01/22/2026-01193/l-lysine-from-the-peoples-republic-of-china-preliminary-affirmative-countervailing-duty
Sunshine Act Meetings,Sunshine Act Meetings,,https://www.federalregister.gov/documents/2026/01/22/2026-01192/sunshine-act-meetings
"Fiberglass Door Panels From the People's Republic of China: Preliminary Affirmative Determination of Sales at Less Than Fair Value, Postponement of Final Determination and Extension of Provisional Measures","Fiberglass Door Panels From the People's Republic of China: Preliminary Affirmative Determination of Sales at Less Than Fair Value, Postponement of Final Determination and Extension of Provisional Measures","The U.S. Department of Commerce (Commerce) preliminarily determines that fiberglass door panels from the People's Republic of China (China) are being, or are likely to be, sold in the United States at less than fair value (LTFV). The period of investigation (POI) is July 1, 2024, through December 31, 2024. Interested parties are invited to comment on this preliminary determination.",https://www.federalregister.gov/documents/2026/01/22/2026-01191/fiberglass-door-panels-from-the-peoples-republic-of-china-preliminary-affirmative-determination-of
Agency Information Collection Activities; Submission to the Office of Management and Budget for Review and Approval; Tribal Education Department Grant Program,Agency Information Collection Activities; Submission to the Office of Management and Budget for Review and Approval; Tribal Education Department Grant Program,"In accordance with the Paperwork Reduction Act of 1995, the Bureau of Indian Education (BIE, we) is proposing to renew an information collection without change.",https://www.federalregister.gov/documents/2026/01/22/2026-01190/agency-information-collection-activities-submission-to-the-office-of-management-and-budget-for
Mid-Atlantic Fishery Management Council (MAFMC); Public Meeting,Mid-Atlantic Fishery Management Council (MAFMC); Public Meeting,The Mid-Atlantic Fishery Management Council (Council) will hold public meetings of the Council including a joint session with the Atlantic States Marine Fisheries Commission (ASMFC) Policy Board.,https://www.federalregister.gov/documents/2026/01/22/2026-01189/mid-atlantic-fishery-management-council-mafmc-public-meeting
Clarification of VA's Processing of Survivors Benefits Claims,Clarification of VA's Processing of Survivors Benefits Claims,"The Department of Veterans Affairs (VA) amends its adjudication regulations concerning survivors benefits claims to ensure that VA provides the most beneficial outcome for surviving spouses and children. This final rule clarifies that a surviving spouse or child claimant for either Survivors Pension or dependency and indemnity compensation (DIC) is entitled to the greater benefit. Thus, with respect to claims processing, VA will concurrently deny Survivors Pension and award DIC, except where paying Survivors Pension would be more beneficial to the claimant, which will only be the case if the claimant is the veteran's surviving spouse and the claimant's application indicates that the claimant does not have any dependents, is currently in a nursing home, and has applied for or is currently receiving Medicaid.",https://www.federalregister.gov/documents/2026/01/22/2026-01188/clarification-of-vas-processing-of-survivors-benefits-claims
"Hardwood and Decorative Plywood From the Socialist Republic of Vietnam: Preliminary Affirmative Countervailing Duty Determination, Preliminary Negative Determination of Critical Circumstances, and Alignment of Final Determination With Final Antidumping Duty Determination","Hardwood and Decorative Plywood From the Socialist Republic of Vietnam: Preliminary Affirmative Countervailing Duty Determination, Preliminary Negative Determination of Critical Circumstances, and Alignment of Final Determination With Final Antidumping Duty Determination","The U.S. Department of Commerce (Commerce) preliminarily determines that countervailable subsidies are being provided to producers and exporters of hardwood and decorative plywood (plywood) from the Socialist Republic of Vietnam (Vietnam). The period of investigation is January 1, 2024, through December 31, 2024. Interested parties are invited to comment on this preliminary determination.",https://www.federalregister.gov/documents/2026/01/22/2026-01187/hardwood-and-decorative-plywood-from-the-socialist-republic-of-vietnam-preliminary-affirmative
Hardwood and Decorative Plywood From Indonesia: Preliminary Affirmative Countervailing Duty Determination and Alignment of Final Determination With Final Antidumping Duty Determination,Hardwood and Decorative Plywood From Indonesia: Preliminary Affirmative Countervailing Duty Determination and Alignment of Final Determination With Final Antidumping Duty Determination,"The U.S. Department of Commerce (Commerce) preliminarily determines that countervailable subsidies are being provided to producers and exporters of hardwood and decorative plywood (plywood) from Indonesia. The period of investigation is January 1, 2024, through December 31, 2024. Interested parties are invited to comment on this preliminary determination.",https://www.federalregister.gov/documents/2026/01/22/2026-01186/hardwood-and-decorative-plywood-from-indonesia-preliminary-affirmative-countervailing-duty
"Hardwood and Decorative Plywood From the People's Republic of China: Preliminary Affirmative Countervailing Duty Determination, Preliminary Affirmative Critical Circumstances Determination, and Alignment of Final Determination With Final Antidumping Duty Determination","Hardwood and Decorative Plywood From the People's Republic of China: Preliminary Affirmative Countervailing Duty Determination, Preliminary Affirmative Critical Circumstances Determination, and Alignment of Final Determination With Final Antidumping Duty Determination","The U.S. Department of Commerce (Commerce) preliminarily determines that countervailable subsidies are being provided to producers and exporters of hardwood and decorative plywood (plywood) from the People's Republic of China (China). The period of investigation is January 1, 2024, through December 31, 2024. Interested parties are invited to comment on this preliminary determination.",https://www.federalregister.gov/documents/2026/01/22/2026-01185/hardwood-and-decorative-plywood-from-the-peoples-republic-of-china-preliminary-affirmative
Certain Pre-Stretched Synthetic Braiding Hair and Packaging Therefor; Notice of Institution of Formal Enforcement Proceeding,Certain Pre-Stretched Synthetic Braiding Hair and Packaging Therefor; Notice of Institution of Formal Enforcement Proceeding,"Notice is hereby given that the U.S. International Trade Commission has determined to institute a formal enforcement proceeding relating to the limited exclusion order and cease and desist orders (collectively, ""the remedial orders"") issued on September 29, 2025, in the above-referenced investigation, against certain defaulting respondents, including Vivace, Inc. d/b/a Dae Do Inc. (""Vivace"") of Port Washington, NY.",https://www.federalregister.gov/documents/2026/01/22/2026-01184/certain-pre-stretched-synthetic-braiding-hair-and-packaging-therefor-notice-of-institution-of-formal
Airworthiness Directives; Leonardo S.p.A. Helicopters,Airworthiness Directives; Leonardo S.p.A. Helicopters,"The FAA is adopting a new airworthiness directive (AD) for all Leonardo S.p.A. Model AB412 and AB412 EP helicopters. This AD was prompted by a report of a cracked left upper cap angle (cap angle) having a certain part-number. This AD requires repetitively inspecting the cap angle and, depending on the results, performing corrective actions. The FAA is issuing this AD to address the unsafe condition on these products.",https://www.federalregister.gov/documents/2026/01/22/2026-01183/airworthiness-directives-leonardo-spa-helicopters
Airworthiness Directives; PZL-Swidnik S.A. Helicopters,Airworthiness Directives; PZL-Swidnik S.A. Helicopters,"The FAA is adopting a new airworthiness directive (AD) for certain PZL-Swidnik S.A. (Swidnik) Model PZL W-3A helicopters. This AD was prompted by the detection of corrosion on the main rotor blade (MRB) attachment bolts. This AD requires repetitively inspecting the MRB attachment bolts and, depending on the results of the inspection, repairing or replacing any affected bolts. This AD also requires reporting the inspection results and prohibits installing any MRB attachment bolt unless certain requirements are met. The FAA is issuing this AD to address the unsafe condition on these products.",https://www.federalregister.gov/documents/2026/01/22/2026-01182/airworthiness-directives-pzl-swidnik-sa-helicopters
Agency Information Collection Activities; Water Request,Agency Information Collection Activities; Water Request,"In accordance with the Paperwork Reduction Act of 1995, the Bureau of Indian Affairs (BIA, we) is proposing to renew an information collection without change.",https://www.federalregister.gov/documents/2026/01/22/2026-01181/agency-information-collection-activities-water-request
Airworthiness Directives; Airbus Helicopters Deutschland GmbH Helicopters,Airworthiness Directives; Airbus Helicopters Deutschland GmbH Helicopters,"The FAA is adopting a new airworthiness directive (AD) for all Airbus Helicopters Deutschland GmbH (AHD) Model EC135P1, EC135P2, EC135P2+, EC135P3, EC135T1, EC135T2, EC135T2+, EC635T2+, and EC135T3 helicopters. This AD was prompted by reports of ruptured and deformed flexible couplings. This AD requires inspecting the axial displacement of the tail rotor drive shaft and, depending on the results, taking corrective actions including inspecting the flexible couplings. This AD also prohibits installing a tail rotor drive shaft unless certain procedures are followed. The FAA is issuing this AD to address the unsafe condition on these products.",https://www.federalregister.gov/documents/2026/01/22/2026-01180/airworthiness-directives-airbus-helicopters-deutschland-gmbh-helicopters
Agency Information Collection Activities; Education Contracts Under the Johnson-O'Malley Act,Agency Information Collection Activities; Education Contracts Under the Johnson-O'Malley Act,"In accordance with the Paperwork Reduction Act of 1995, the Bureau of Indian Education (BIE, we) proposes to renew an information collection without change.",https://www.federalregister.gov/documents/2026/01/22/2026-01179/agency-information-collection-activities-education-contracts-under-the-johnson-omalley-act
Reimbursement Rates for Calendar Year 2026,Reimbursement Rates for Calendar Year 2026,"Notice is provided that the Chief of Staff, who has the Delegated Authority of the Indian Health Service (IHS) Director has approved the rates for inpatient and outpatient medical care provided by the IHS facilities for Calendar Year 2026.",https://www.federalregister.gov/documents/2026/01/22/2026-01178/reimbursement-rates-for-calendar-year-2026
Polypropylene Corrugated Boxes From the People's Republic of China: Final Affirmative Countervailing Duty Determination,Polypropylene Corrugated Boxes From the People's Republic of China: Final Affirmative Countervailing Duty Determination,"The U.S. Department of Commerce (Commerce) determines that countervailable subsidies are being provided to producers and exporters of polypropylene corrugated boxes (corrugated boxes) from the People's Republic of China (China). The period of investigation is January 1, 2024, through December 31, 2024.",https://www.federalregister.gov/documents/2026/01/22/2026-01177/polypropylene-corrugated-boxes-from-the-peoples-republic-of-china-final-affirmative-countervailing
Polypropylene Corrugated Boxes From the People's Republic of China: Final Affirmative Determination of Sales at Less Than Fair Value,Polypropylene Corrugated Boxes From the People's Republic of China: Final Affirmative Determination of Sales at Less Than Fair Value,"The U.S. Department of Commerce (Commerce) determines that polypropylene corrugated boxes (corrugated boxes) from the People's Republic of China (China) are being, or is likely to be, sold in the United States at less-than-fair-value (LTFV). The period of investigation (POI) is July 1, 2024, through December 31, 2024.",https://www.federalregister.gov/documents/2026/01/22/2026-01176/polypropylene-corrugated-boxes-from-the-peoples-republic-of-china-final-affirmative-determination-of
Quarterly IRS Interest Rates Used in Calculating Interest on Overdue Accounts and Refunds of Customs Duties,Quarterly IRS Interest Rates Used in Calculating Interest on Overdue Accounts and Refunds of Customs Duties,"This notice advises the public that the quarterly Internal Revenue Service interest rates used to calculate interest on overdue accounts (underpayments) and refunds (overpayments) of customs duties will remain the same as the previous quarter. For the calendar quarter beginning January 1, 2026, the interest rates for underpayments will be 7 percent for both corporations and non-corporations. The interest rate for overpayments will be 7 percent for non-corporations and 6 percent for corporations. This notice is published for the convenience of the importing public and U.S. Customs and Border Protection personnel.",https://www.federalregister.gov/documents/2026/01/22/2026-01175/quarterly-irs-interest-rates-used-in-calculating-interest-on-overdue-accounts-and-refunds-of-customs
New Postal Products,New Postal Products,"The Commission is noticing a recent Postal Service filing for the Commission's consideration concerning a negotiated service agreement. This notice informs the public of the filing, invites public comment, and takes other administrative steps.",https://www.federalregister.gov/documents/2026/01/22/2026-01174/new-postal-products
"Agency Information Collection Activities; Submission to the Office of Management and Budget (OMB) for Review and Approval; Comment Request; Marine Recreational Information Program, Access-Point Angler Intercept Survey (APAIS)","Agency Information Collection Activities; Submission to the Office of Management and Budget (OMB) for Review and Approval; Comment Request; Marine Recreational Information Program, Access-Point Angler Intercept Survey (APAIS)","The Department of Commerce, in accordance with the Paperwork Reduction Act of 1995 (PRA), invites the general public and other Federal agencies to comment on proposed, and continuing information collections, which helps us assess the impact of our information collection requirements and minimize the public's reporting burden. The purpose of this notice is to allow for 60 days of public comment preceding submission of the collection to OMB.",https://www.federalregister.gov/documents/2026/01/22/2026-01173/agency-information-collection-activities-submission-to-the-office-of-management-and-budget-omb-for
"Amendment of Class D and Class E4 Airspace Over Wilkes-Barre, PA","Amendment of Class D and Class E4 Airspace Over Wilkes-Barre, PA","This action amends Class D and Class E4 airspace at Wilkes- Barre/Scranton International Airport, Wilkes-Barre, PA, due to the currently designated airspace not properly containing instrument flight rule (IFR) operations, which require controlled airspace. This action also updates the geographic coordinates of the airport and language related to the hours of operation of the air traffic control tower within the airspace legal descriptions.",https://www.federalregister.gov/documents/2026/01/22/2026-01172/amendment-of-class-d-and-class-e4-airspace-over-wilkes-barre-pa
"Amendment of Class D and Class E Airspace; Ashland, Bucyrus, and Mansfield, OH","Amendment of Class D and Class E Airspace; Ashland, Bucyrus, and Mansfield, OH","This action amends the Class D and Class E airspace at Mansfield, OH; and the Class E airspace at Ashland and Bucyrus, OH. The name of the Mansfield Lahm Regional Airport, Mansfield, OH; the name and geographic coordinates of the University Hospitals Samaritan Medical Center Heliport, Ashland, OH, and Port Bucyrus/Crawford County Airport, Bucyrus, OH, are also being updated to coincide with the FAA's aeronautical database. This action is the result of airspace reviews conducted due to the decommissioning of the Mansfield very high frequency omnidirectional range (VOR) as part of the VOR Minimum Operational Network (MON) Program. This action brings the airspace into compliance with FAA orders and supports instrument flight rule (IFR) procedures and operations.",https://www.federalregister.gov/documents/2026/01/22/2026-01171/amendment-of-class-d-and-class-e-airspace-ashland-bucyrus-and-mansfield-oh
"Amendment of Class E Airspace; New Lexington, OH","Amendment of Class E Airspace; New Lexington, OH","This action amends the Class E airspace at New Lexington, OH. The name and geographic coordinates of Ed Newlon Field, New Lexington, OH, are also being updated to coincide with the FAA's aeronautical database. This action is the result of an airspace review conducted due to the decommissioning of the Zanesville very high frequency omnidirectional range (VOR) as part of the VOR Minimum Operational Network (MON) Program. It brings the airspace into compliance with FAA orders and supports instrument flight rule (IFR) procedures and operations.",https://www.federalregister.gov/documents/2026/01/22/2026-01170/amendment-of-class-e-airspace-new-lexington-oh
"National Heart, Lung, and Blood Institute; Notice of Meeting","National Heart, Lung, and Blood Institute; Notice of Meeting",,https://www.federalregister.gov/documents/2026/01/22/2026-01169/national-heart-lung-and-blood-institute-notice-of-meeting
"Safety Zone; Rocket Test Site, Rio Grande River, Boca Chica, TX","Safety Zone; Rocket Test Site, Rio Grande River, Boca Chica, TX","The Coast Guard is establishing a temporary safety zone for navigable waters of the Rio Grande River. The safety zone is needed to protect personnel, vessels, and the marine environment from potential hazards created by cryogenics and structural tests of SpaceX rockets at their Massey's test site. This proposed rulemaking would prohibit persons and vessels from being in the safety zone unless specifically authorized by the Captain of the Port, Sector Corpus Christi. We invite your comments on this proposed rulemaking.",https://www.federalregister.gov/documents/2026/01/22/2026-01168/safety-zone-rocket-test-site-rio-grande-river-boca-chica-tx
Enhanced Air Cargo Advance Screening (ACAS); Corrections,Enhanced Air Cargo Advance Screening (ACAS); Corrections,"U.S. Customs and Border Protection (CBP) is restoring the specific authority citations originally found in parts 103 and 122 of title 19 of the Code of Federal Regulations which were erroneously removed following the publication of the Enhanced Air Cargo Advance Screening (ACAS) interim final rule on November 21, 2025.",https://www.federalregister.gov/documents/2026/01/22/2026-01167/enhanced-air-cargo-advance-screening-acas-corrections
"TTC Connector, LLC; Notice of Availability of the Environmental Assessment for the Proposed TTC Connector Project","TTC Connector, LLC; Notice of Availability of the Environmental Assessment for the Proposed TTC Connector Project",,https://www.federalregister.gov/documents/2026/01/22/2026-01166/ttc-connector-llc-notice-of-availability-of-the-environmental-assessment-for-the-proposed-ttc
NorthWestern Energy; Notice of Authorization for Continued Project Operation,NorthWestern Energy; Notice of Authorization for Continued Project Operation,,https://www.federalregister.gov/documents/2026/01/22/2026-01165/northwestern-energy-notice-of-authorization-for-continued-project-operation
"Columbia Gas Transmission, LLC; Notice of Request Under Blanket Authorization and Establishing Intervention and Protest Deadline","Columbia Gas Transmission, LLC; Notice of Request Under Blanket Authorization and Establishing Intervention and Protest Deadline",,https://www.federalregister.gov/documents/2026/01/22/2026-01164/columbia-gas-transmission-llc-notice-of-request-under-blanket-authorization-and-establishing
Triton Power Company; Notice of Authorization for Continued Project Operation,Triton Power Company; Notice of Authorization for Continued Project Operation,,https://www.federalregister.gov/documents/2026/01/22/2026-01163/triton-power-company-notice-of-authorization-for-continued-project-operation
Submission for OMB Review; Comments Request,Submission for OMB Review; Comments Request,"Under the provisions of the Paperwork Reduction Act, agencies are required to publish a Notice in the Federal Register notifying the public that the agency is renewing an existing information collection for OMB review and approval and requests public review and comment on the submission. Comments are being solicited on the need for the information; the accuracy of the burden estimate; the quality, practical utility, and clarity of the information to be collected; and ways to minimize reporting the burden, including automated collected techniques and uses of other forms of technology.",https://www.federalregister.gov/documents/2026/01/22/2026-01162/submission-for-omb-review-comments-request
Notice of Intent To Seek Approval To Renewal an Information Collection; Correction,Notice of Intent To Seek Approval To Renewal an Information Collection; Correction,"In accordance with the Paperwork Reduction Act of 1995, this notice announces the intention of the National Agricultural Statistics Service (NASS) to request revision and extension of a currently approved information collection, Objective Yield Surveys.",https://www.federalregister.gov/documents/2026/01/22/2026-01161/notice-of-intent-to-seek-approval-to-renewal-an-information-collection-correction
Procurement List; Additions,Procurement List; Additions,This action adds service(s) to the Procurement List that will be furnished by nonprofit agencies employing persons who are blind or have other severe disabilities.,https://www.federalregister.gov/documents/2026/01/22/2026-01160/procurement-list-additions
FDA Records Access Authority for Cosmetics; Draft Guidance for Industry; Availability,FDA Records Access Authority for Cosmetics; Draft Guidance for Industry; Availability,"The Food and Drug Administration (FDA, Agency, or we) is announcing the availability of a draft document entitled ""FDA Records Access Authority for Cosmetics: Guidance for Industry."" The draft guidance document provides answers to frequently asked questions about certain authorities for FDA to access records related to cosmetic products. It is intended to inform regulated industry about the Agency's current thinking regarding the criteria, process, and expectations for FDA's access to these records.",https://www.federalregister.gov/documents/2026/01/22/2026-01159/fda-records-access-authority-for-cosmetics-draft-guidance-for-industry-availability
Medical Review Board; Membership,Medical Review Board; Membership,"The Department solicits nominations for membership to serve on the Medical Review Board (MRB). MRB will provide scientific advice to the Secretary of Transportation (the Secretary) through the Administrator of FMCSA on medical issues, including the physical qualification requirements for commercial motor vehicle (CMV) operators.",https://www.federalregister.gov/documents/2026/01/22/2026-01158/medical-review-board-membership
Fresh Mushrooms From Canada,Fresh Mushrooms From Canada,,https://www.federalregister.gov/documents/2026/01/22/2026-01157/fresh-mushrooms-from-canada
Motor Carrier Safety Advisory Committee; Membership,Motor Carrier Safety Advisory Committee; Membership,"The Department solicits nominations for membership to serve on the Motor Carrier Safety Advisory Committee (MCSAC). MCSAC provides advice and recommendations to the Secretary of Transportation (the Secretary) through the Administrator of FMCSA about needs, objectives, plans, approaches, content, and accomplishments of the motor carrier safety programs carried out by the Administration and motor carrier safety regulations.",https://www.federalregister.gov/documents/2026/01/22/2026-01156/motor-carrier-safety-advisory-committee-membership
"Self-Regulatory Organizations; Nasdaq ISE, LLC; Notice of Filing and Immediate Effectiveness of Proposed Rule Change To Amend FINRA Fees","Self-Regulatory Organizations; Nasdaq ISE, LLC; Notice of Filing and Immediate Effectiveness of Proposed Rule Change To Amend FINRA Fees",,https://www.federalregister.gov/documents/2026/01/22/2026-01155/self-regulatory-organizations-nasdaq-ise-llc-notice-of-filing-and-immediate-effectiveness-of
"Social Security Ruling, SSR 26-1p; Title XVI: Determining Continuing Disability at Steps 2 and 3 of the Medical Improvement Review Standard Sequential Evaluation Process for Children Under Age 18-Functional Equivalence","Social Security Ruling, SSR 26-1p; Title XVI: Determining Continuing Disability at Steps 2 and 3 of the Medical Improvement Review Standard Sequential Evaluation Process for Children Under Age 18-Functional Equivalence",We are providing notice of SSR 26-1p. This SSR simplifies our process for determining continuing disability at steps 2 and 3 of the medical improvement review standard for children under age 18 who receive Supplemental Security Income (SSI) under title XVI of the Social Security Act.,https://www.federalregister.gov/documents/2026/01/22/2026-01154/social-security-ruling-ssr-26-1p-title-xvi-determining-continuing-disability-at-steps-2-and-3-of-the
"Agency Information Collection Activities; Submission to the Office of Management and Budget for Review and Approval; Claim for Relocation Payments-Residential, DI-381 and Claim for Relocation Payments-Nonresidential, DI-382","Agency Information Collection Activities; Submission to the Office of Management and Budget for Review and Approval; Claim for Relocation Payments-Residential, DI-381 and Claim for Relocation Payments-Nonresidential, DI-382","In accordance with the Paperwork Reduction Act of 1995, we, the Office of Acquisition and Property Management, are proposing to renew an information collection without change.",https://www.federalregister.gov/documents/2026/01/22/2026-01153/agency-information-collection-activities-submission-to-the-office-of-management-and-budget-for
"Airworthiness Directives; CFM International, S.A. Engines","Airworthiness Directives; CFM International, S.A. Engines","The FAA is adopting a new airworthiness directive (AD) for certain CFM International, S.A. (CFM) Model LEAP-1A23, LEAP-1A24, LEAP- 1A24E1, LEAP-1A26, LEAP-1A26CJ, LEAP-1A26E1, LEAP-1A29, LEAP-1A29CJ, LEAP-1A30, LEAP-1A32, LEAP-1A33, LEAP-1A33B2, and LEAP-1A35A engines. This AD was prompted by a report of multiple aborted takeoffs and air turn-backs (ATBs) caused by high-pressure compressor (HPC) stall, which was induced by high levels of non-synchronous vibration (NSV). Additional manufacturer investigation revealed that wear on the No. 3 bearing spring finger housing can lead to high levels of NSV. This AD requires initial and repetitive calculations of the levels of NSV, inspection of the stage 2 high-pressure turbine (HPT) nozzle assembly honeycomb and HPT stator stationary seal honeycomb and, depending on the results of the calculations and inspections, replacement of certain parts. This AD also requires replacement of certain No. 3 bearing spring finger housings at the next shop visit. The FAA is issuing this AD to address the unsafe condition on these products.",https://www.federalregister.gov/documents/2026/01/22/2026-01152/airworthiness-directives-cfm-international-sa-engines
"Virginia Electric and Power Company; North Anna Power Station, Units 1 and 2; Surry Power Station, Units 1 and 2; Withdrawal by Applicant","Virginia Electric and Power Company; North Anna Power Station, Units 1 and 2; Surry Power Station, Units 1 and 2; Withdrawal by Applicant","The U.S. Nuclear Regulatory Commission (NRC) is announcing the withdrawal of a license amendment application from Virginia Electric Power Company (the licensee), dated May 16, 2025, for a proposed amendment to North Anna Power Station, Units 1 and 2, and Surry Power Station, Units 1 and 2, License Nos. NPF-4 and NPF-7, and DPR-32 and DPR-37. The proposed amendment would have updated the Main Steam Line Break Alternate Source Term dose consequence analysis for both sites.",https://www.federalregister.gov/documents/2026/01/22/2026-01151/virginia-electric-and-power-company-north-anna-power-station-units-1-and-2-surry-power-station-units
"Fisheries Off West Coast States; Pacific Coast Groundfish Fishery; Emergency Action to Temporarily Increase 2026 Harvest Specifications and Sector Allocations for Shortspine Thornyhead, Canary Rockfish, and Petrale Sole","Fisheries Off West Coast States; Pacific Coast Groundfish Fishery; Emergency Action to Temporarily Increase 2026 Harvest Specifications and Sector Allocations for Shortspine Thornyhead, Canary Rockfish, and Petrale Sole","This emergency rule temporarily increases 2026 harvest specifications and sector allocations for shortspine thornyhead, canary rockfish, and petrale sole in the Pacific Coast groundfish fishery. This increase in harvest specifications is based on new, recently discovered information from the latest catch-only projections, which show a higher biomass of these species available for harvest than determined by stock assessments used to set the 2025-26 harvest specifications and management measures. This action is necessary to alleviate significant direct economic loss caused by restrictive annual catch limits for these species.",https://www.federalregister.gov/documents/2026/01/22/2026-01150/fisheries-off-west-coast-states-pacific-coast-groundfish-fishery-emergency-action-to-temporarily
Agency Information Collection Activities: Requests for Comments; Clearance of a New Approval of Information Collection: Formal Complaints Collection,Agency Information Collection Activities: Requests for Comments; Clearance of a New Approval of Information Collection: Formal Complaints Collection,"In accordance with the Paperwork Reduction Act of 1995, FAA invites public comments about our intention to request the Office of Management and Budget (OMB) approval to renew an information collection. The Federal Register Notice with a 60-day comment period soliciting comments on the following collection of information was published on July 21, 2025. The collection involves the filing of a complaint with the FAA alleging a violation of any requirement, rule, regulation, or order issued under certain statutes within the jurisdiction of the FAA. The FAA will use the information collected to determine if the alleged violation warrants investigation or action.",https://www.federalregister.gov/documents/2026/01/22/2026-01149/agency-information-collection-activities-requests-for-comments-clearance-of-a-new-approval-of
Sunshine Act Meetings,Sunshine Act Meetings,,https://www.federalregister.gov/documents/2026/01/22/2026-01148/sunshine-act-meetings
"Venture Global CP2 LNG, LLC; Notice of Application, Establishing Intervention Deadline, and Waiver of Pre-Filing Process","Venture Global CP2 LNG, LLC; Notice of Application, Establishing Intervention Deadline, and Waiver of Pre-Filing Process",,https://www.federalregister.gov/documents/2026/01/22/2026-01147/venture-global-cp2-lng-llc-notice-of-application-establishing-intervention-deadline-and-waiver-of
Combined Notice of Filings,Combined Notice of Filings,,https://www.federalregister.gov/documents/2026/01/22/2026-01146/combined-notice-of-filings
Combined Notice of Filings #1,Combined Notice of Filings #1,,https://www.federalregister.gov/documents/2026/01/22/2026-01145/combined-notice-of-filings-1
Agency Information Collection Activities; Submission to the Office of Management and Budget; U.S. Fish and Wildlife Service ArcGIS Online (AGOL) Platform,Agency Information Collection Activities; Submission to the Office of Management and Budget; U.S. Fish and Wildlife Service ArcGIS Online (AGOL) Platform,"In accordance with the Paperwork Reduction Act of 1995 (PRA), we, the U.S. Fish and Wildlife Service (Service), are proposing to renew a currently approved information collection without change.",https://www.federalregister.gov/documents/2026/01/22/2026-01144/agency-information-collection-activities-submission-to-the-office-of-management-and-budget-us-fish
"SMR, LLC; Pioneer Units 1 and 2; Phased Construction Permit Application-Limited Work Authorization","SMR, LLC; Pioneer Units 1 and 2; Phased Construction Permit Application-Limited Work Authorization","The U.S. Nuclear Regulatory Commission (NRC) has received the first part of a phased construction permit application, including a limited work authorization (LWA) request, from SMR, LLC (SMR), a Holtec International Company, for a dual-unit SMR-300 plant located at the Palisades Energy Center (PEC) in Covert, Michigan. The units are individually named Pioneer Unit 1 and Pioneer Unit 2.",https://www.federalregister.gov/documents/2026/01/22/2026-01143/smr-llc-pioneer-units-1-and-2-phased-construction-permit-application-limited-work-authorization
Agency Information Collection; Request for Public Comment,Agency Information Collection; Request for Public Comment,"The U.S. Office of Special Counsel (OSC) has submitted a request to the Office of Management and Budget (OMB) for review and approval of an extension of a currently approved information collection used to file complaints and disclosures with OSC (Form OSC-14/dynamic electronic form). In accordance with the Paperwork Reduction Act of 1995, OSC is providing the public with an additional opportunity to comment on this proposed information collection prior to OMB approval. OMB first approved OSC's dynamic electronic filing form on September 18, 2017. OSC revised the previously approved form in July 2019 to reflect interim statutory changes and obtained emergency OMB/ OIRA processing for that collection. A final rule authorizing use of Form OSC-14 took effect on August 26, 2019, and OMB approval on February 3, 2020, authorized use of the revised form through March 2023. The collection was subsequently re-approved through February 28, 2026. OSC now seeks to extend approval of this collection through 2029. No substantive changes to the form or collection methodology are proposed with this extension.",https://www.federalregister.gov/documents/2026/01/22/2026-01142/agency-information-collection-request-for-public-comment
Revising Definition of “Unlawful User of or Addicted to Controlled Substance”,Revising Definition of “Unlawful User of or Addicted to Controlled Substance”,"The Bureau of Alcohol, Tobacco, Firearms, and Explosives (""ATF"") is amending Department of Justice (""Department"") regulations to update the definition of ""unlawful user of or addicted to any controlled substance,"" a category of persons who may not possess firearms under federal law. This definition was established in 1996 to facilitate operation of the National Instant Criminal Background Check System. Since then, court decisions and ATF internal guidance have evolved to include recurring use as a factor. As a result, ATF is aligning the definition with the best statutory understanding, as informed by judicial decisions.",https://www.federalregister.gov/documents/2026/01/22/2026-01141/revising-definition-of-unlawful-user-of-or-addicted-to-controlled-substance
Center for Scientific Review; Notice of Closed Meeting,Center for Scientific Review; Notice of Closed Meeting,,https://www.federalregister.gov/documents/2026/01/22/2026-01140/center-for-scientific-review-notice-of-closed-meeting
Agency Information Collection Activities; State Water Resources Research Institute Program Annual Application. National Competitive Grants and Reporting,Agency Information Collection Activities; State Water Resources Research Institute Program Annual Application. National Competitive Grants and Reporting,"In accordance with the Paperwork Reduction Act (PRA) of 1995, the U.S. Geological Survey (USGS, we) will ask the Office of Management and Budget (OMB) to approve the renewal without changes to the information collection request (ICR) described below.",https://www.federalregister.gov/documents/2026/01/22/2026-01139/agency-information-collection-activities-state-water-resources-research-institute-program-annual
"Connecticut Southern Railroad, Inc.-Modified Rail Certificate","Connecticut Southern Railroad, Inc.-Modified Rail Certificate",,https://www.federalregister.gov/documents/2026/01/22/2026-01138/connecticut-southern-railroad-inc-modified-rail-certificate
Notice of OFAC Sanctions Action,Notice of OFAC Sanctions Action,"The U.S. Department of the Treasury's Office of Foreign Assets Control (OFAC) is publishing the names of one or more persons and vessels that have been placed on OFAC's Specially Designated Nationals and Blocked Persons List (SDN List) based on OFAC's determination that one or more applicable legal criteria were satisfied. All property and interests in property subject to U.S. jurisdiction of these persons are blocked, and U.S. persons are generally prohibited from engaging in transactions with them.",https://www.federalregister.gov/documents/2026/01/22/2026-01137/notice-of-ofac-sanctions-action
Agency Information Collection Request; 60-Day Public Comment Request,Agency Information Collection Request; 60-Day Public Comment Request,"In compliance with the requirement of the Paperwork Reduction Act of 1995, the Office of the Secretary (OS), Department of Health and Human Services, is publishing the following summary of a proposed collection for public comment.",https://www.federalregister.gov/documents/2026/01/22/2026-01136/agency-information-collection-request-60-day-public-comment-request
"Fisheries of the Caribbean; Southeast Data, Assessment, and Review; Public Meeting","Fisheries of the Caribbean; Southeast Data, Assessment, and Review; Public Meeting","The Southeast Data Assessment and Review (SEDAR) 103 assessment process of Caribbean Alternate Assessment Methods will consist of a Development Workshop, a series of Assessment Webinars, and a Review Workshop. See SUPPLEMENTARY INFORMATION.",https://www.federalregister.gov/documents/2026/01/22/2026-01135/fisheries-of-the-caribbean-southeast-data-assessment-and-review-public-meeting
"AMG Pantheon Master Fund, LLC,et al.","AMG Pantheon Master Fund, LLC,et al.",,https://www.federalregister.gov/documents/2026/01/22/2026-01133/amg-pantheon-master-fund-llcet-al
Notice of Request for Comment on the Annual Report for Fiscal Year 2025 and Three-Year Plan,Notice of Request for Comment on the Annual Report for Fiscal Year 2025 and Three-Year Plan,Notice is hereby given that the Federal Accounting Standards Advisory Board (FASAB) has issued its Annual Report for Fiscal Year 2025 and Three-Year Plan. Respondents are encouraged to comment on the content of the annual report and FASAB's project priorities for the next three years.,https://www.federalregister.gov/documents/2026/01/22/2026-01132/notice-of-request-for-comment-on-the-annual-report-for-fiscal-year-2025-and-three-year-plan
Arms Sales Notification,Arms Sales Notification,The DoD is publishing the unclassified text of an arms sales notification.,https://www.federalregister.gov/documents/2026/01/22/2026-01131/arms-sales-notification
Arms Sales Notification,Arms Sales Notification,The DoD is publishing the unclassified text of an arms sales notification.,https://www.federalregister.gov/documents/2026/01/22/2026-01130/arms-sales-notification
Arms Sales Notification,Arms Sales Notification,The DoD is publishing the unclassified text of an arms sales notification.,https://www.federalregister.gov/documents/2026/01/22/2026-01129/arms-sales-notification
Arms Sales Notification,Arms Sales Notification,The DoD is publishing the unclassified text of an arms sales notification.,https://www.federalregister.gov/documents/2026/01/22/2026-01128/arms-sales-notification
Arms Sales Notification,Arms Sales Notification,The DoD is publishing the unclassified text of an arms sales notification.,https://www.federalregister.gov/documents/2026/01/22/2026-01127/arms-sales-notification
Arms Sales Notification,Arms Sales Notification,The DoD is publishing the unclassified text of an arms sales notification.,https://www.federalregister.gov/documents/2026/01/22/2026-01126/arms-sales-notification
Arms Sales Notification,Arms Sales Notification,The DoD is publishing the unclassified text of an arms sales notification.,https://www.federalregister.gov/documents/2026/01/22/2026-01125/arms-sales-notification
Arms Sales Notification,Arms Sales Notification,The DoD is publishing the unclassified text of an arms sales notification.,https://www.federalregister.gov/documents/2026/01/22/2026-01124/arms-sales-notification
Arms Sales Notification,Arms Sales Notification,The DoD is publishing the unclassified text of an arms sales notification.,https://www.federalregister.gov/documents/2026/01/22/2026-01123/arms-sales-notification
Arms Sales Notification,Arms Sales Notification,The DoD is publishing the unclassified text of an arms sales notification.,https://www.federalregister.gov/documents/2026/01/22/2026-01122/arms-sales-notification
Labeling and Preventing Cross-Contact of Gluten for Packaged Foods; Request for Information,Labeling and Preventing Cross-Contact of Gluten for Packaged Foods; Request for Information,The Food and Drug Administration (FDA or we) received a citizen petition from Celiac Journey requesting that we act to protect consumers with celiac disease by requiring that all ingredients with gluten be listed by name in the ingredient list and by requiring cross- contact controls with gluten-containing grains. We are issuing this document to request comment on the issues raised in the petition and on specific questions related to these issues.,https://www.federalregister.gov/documents/2026/01/22/2026-01121/labeling-and-preventing-cross-contact-of-gluten-for-packaged-foods-request-for-information
"Self-Regulatory Organizations; The Nasdaq Stock Market LLC; Notice of Filing and Immediate Effectiveness of Proposed Rule Change To Amend the Pricing Schedule for Exchange-Traded Products To Add Class ETF Shares, Eliminate Prorated Refunds for Liquidations, and Make Modifications to the Designated Liquidity Provider and Market Quality Supporter Incentive Programs","Self-Regulatory Organizations; The Nasdaq Stock Market LLC; Notice of Filing and Immediate Effectiveness of Proposed Rule Change To Amend the Pricing Schedule for Exchange-Traded Products To Add Class ETF Shares, Eliminate Prorated Refunds for Liquidations, and Make Modifications to the Designated Liquidity Provider and Market Quality Supporter Incentive Programs",,https://www.federalregister.gov/documents/2026/01/22/2026-01120/self-regulatory-organizations-the-nasdaq-stock-market-llc-notice-of-filing-and-immediate
"Order Granting Limited Exemption Pursuant to Rule 612(d) of Regulation NMS to Cboe BYX Exchange, Inc. From Rule 612 of Regulation NMS","Order Granting Limited Exemption Pursuant to Rule 612(d) of Regulation NMS to Cboe BYX Exchange, Inc. From Rule 612 of Regulation NMS",,https://www.federalregister.gov/documents/2026/01/22/2026-01119/order-granting-limited-exemption-pursuant-to-rule-612d-of-regulation-nms-to-cboe-byx-exchange-inc
"Self-Regulatory Organizations; Nasdaq ISE, LLC; Order Approving a Proposed Rule Change, as Modified by Amendment No. 1, To Amend the Short Term Option Series Program To List Qualifying Securities","Self-Regulatory Organizations; Nasdaq ISE, LLC; Order Approving a Proposed Rule Change, as Modified by Amendment No. 1, To Amend the Short Term Option Series Program To List Qualifying Securities",,https://www.federalregister.gov/documents/2026/01/22/2026-01118/self-regulatory-organizations-nasdaq-ise-llc-order-approving-a-proposed-rule-change-as-modified-by
Polypropylene Corrugated Boxes From China and Vietnam; Cancellation of Hearing for Antidumping and Countervailing Duty Investigations,Polypropylene Corrugated Boxes From China and Vietnam; Cancellation of Hearing for Antidumping and Countervailing Duty Investigations,,https://www.federalregister.gov/documents/2026/01/22/2026-01116/polypropylene-corrugated-boxes-from-china-and-vietnam-cancellation-of-hearing-for-antidumping-and
"Agency Information Collection Activities; Reinstatement, With Change, of a Previously Approved Collection for Which Approval Has Expired: Public Charge Bond","Agency Information Collection Activities; Reinstatement, With Change, of a Previously Approved Collection for Which Approval Has Expired: Public Charge Bond","The Department of Homeland Security (DHS), U.S. Citizenship and Immigration Services (USCIS) will be submitting the following information collection request to the Office of Management and Budget (OMB) for review and clearance in accordance with the Paperwork Reduction Act of 1995. The purpose of this notice is to allow an additional 30 days for public comments.",https://www.federalregister.gov/documents/2026/01/22/2026-01115/agency-information-collection-activities-reinstatement-with-change-of-a-previously-approved
"Product Change-Priority Mail Express, Priority Mail, and USPS Ground Advantage Negotiated Service Agreements","Product Change-Priority Mail Express, Priority Mail, and USPS Ground Advantage Negotiated Service Agreements",The Postal Service gives notice of filing a request with the Postal Regulatory Commission to add a domestic shipping services contract to the list of Negotiated Service Agreements in the Mail Classification Schedule's Competitive Products List.,https://www.federalregister.gov/documents/2026/01/22/2026-01114/product-change-priority-mail-express-priority-mail-and-usps-ground-advantage-negotiated-service
Agency Information Collection Activities; Submission for OMB Review; Comment Request; Ventilation Plan and Main Fan Maintenance Record,Agency Information Collection Activities; Submission for OMB Review; Comment Request; Ventilation Plan and Main Fan Maintenance Record,The Department of Labor (DOL) is submitting this Mine Safety & Health Administration (MSHA)-sponsored information collection request (ICR) to the Office of Management and Budget (OMB) for review and approval in accordance with the Paperwork Reduction Act of 1995 (PRA). Public comments on the ICR are invited.,https://www.federalregister.gov/documents/2026/01/22/2026-01113/agency-information-collection-activities-submission-for-omb-review-comment-request-ventilation-plan
"Foreign-Trade Zone (FTZ) 39, Notification of Proposed Production Activity; Qorvo US, Inc.; (Semiconductor Wafers, Modules, and Chips); Richardson, Texas","Foreign-Trade Zone (FTZ) 39, Notification of Proposed Production Activity; Qorvo US, Inc.; (Semiconductor Wafers, Modules, and Chips); Richardson, Texas",,https://www.federalregister.gov/documents/2026/01/22/2026-01112/foreign-trade-zone-ftz-39-notification-of-proposed-production-activity-qorvo-us-inc-semiconductor
"Foreign-Trade Zone (FTZ) 230, Notification of Proposed Production Activity; Qorvo US, Inc.; (Semiconductor Wafers, Modules, and Chips); Greensboro, North Carolina","Foreign-Trade Zone (FTZ) 230, Notification of Proposed Production Activity; Qorvo US, Inc.; (Semiconductor Wafers, Modules, and Chips); Greensboro, North Carolina",,https://www.federalregister.gov/documents/2026/01/22/2026-01111/foreign-trade-zone-ftz-230-notification-of-proposed-production-activity-qorvo-us-inc-semiconductor
"Foreign-Trade Zone (FTZ) 45, Notification of Proposed Production Activity; Qorvo US, Inc.; (Semiconductor Wafers and Modules); Hillsboro, Oregon","Foreign-Trade Zone (FTZ) 45, Notification of Proposed Production Activity; Qorvo US, Inc.; (Semiconductor Wafers and Modules); Hillsboro, Oregon",,https://www.federalregister.gov/documents/2026/01/22/2026-01110/foreign-trade-zone-ftz-45-notification-of-proposed-production-activity-qorvo-us-inc-semiconductor
Proposed Collection; 60-Day Comment Request; The Genetic Testing Registry (Office of the Director),Proposed Collection; 60-Day Comment Request; The Genetic Testing Registry (Office of the Director),"In compliance with the requirement of the Paperwork Reduction Act of 1995 to provide opportunity for public comment on proposed data collection projects, the National Institutes of Health Office of the Director (OD) will publish periodic summaries of proposed projects to be submitted to the Office of Management and Budget (OMB) for review and approval.",https://www.federalregister.gov/documents/2026/01/22/2026-01109/proposed-collection-60-day-comment-request-the-genetic-testing-registry-office-of-the-director
Denali Commission Fiscal Year 2026 Draft Work Plan,Denali Commission Fiscal Year 2026 Draft Work Plan,"The President's 2026 Budget requested no new funding for the Denali Commission in 2026 and proposed to use all available resources to conduct an orderly closeout of the Commission. Congress has begun work on bills that do provide funding for the Commission's FY 2026 operations and the FY 2026 Work Plan represents the Commission's contingency plan if such a bill is enacted. The Denali Commission (Commission) is an independent Federal agency based on an innovative federal-state partnership designed to provide critical utilities, infrastructure and support for economic development and training in Alaska by delivering federal services in the most cost-effective manner possible. The Commission is required to develop an annual work plan for future spending which will be published in the Federal Register, providing an opportunity for a 30-day period of public review and written comment. This Federal Register notice serves to announce the 30-day opportunity for public comment on the Denali Commission Draft Work Plan for Federal Fiscal Year 2026 (FY 2026).",https://www.federalregister.gov/documents/2026/01/22/2026-01108/denali-commission-fiscal-year-2026-draft-work-plan
Notice of Public Meeting of the Oklahoma Advisory Committee,Notice of Public Meeting of the Oklahoma Advisory Committee,"Notice is hereby given, pursuant to the provisions of the rules and regulations of the U.S. Commission on Civil Rights (Commission) and the Federal Advisory Committee Act (FACA) that the Oklahoma Advisory Committee (Committee) to the U.S. Commission on Civil Rights will hold virtual business meetings via ZoomGov on Tuesday, January 27, 2026 from 3:00 p.m.-4:00 p.m. CT. For the purpose of reviewing and discussing their project proposal.",https://www.federalregister.gov/documents/2026/01/22/2026-01107/notice-of-public-meeting-of-the-oklahoma-advisory-committee
"Agency Information Collection Activities; Reinstatement, With Change, of a Previously Approved Collection for Which Approval Has Expired: Request for Cancellation of a Public Charge Bond","Agency Information Collection Activities; Reinstatement, With Change, of a Previously Approved Collection for Which Approval Has Expired: Request for Cancellation of a Public Charge Bond","The Department of Homeland Security (DHS), U.S. Citizenship and Immigration Services (USCIS) will be submitting the following information collection request to the Office of Management and Budget (OMB) for review and clearance in accordance with the Paperwork Reduction Act of 1995. The purpose of this notice is to allow an additional 30 days for public comments.",https://www.federalregister.gov/documents/2026/01/22/2026-01106/agency-information-collection-activities-reinstatement-with-change-of-a-previously-approved
Information Collection Being Reviewed by the Federal Communications Commission,Information Collection Being Reviewed by the Federal Communications Commission,"As part of its continuing effort to reduce paperwork burdens, and as required by the Paperwork Reduction Act (PRA) of 1995, the Federal Communications Commission (FCC or the Commission) invites the general public and other Federal agencies to take this opportunity to comment on the following information collection. Comments are requested concerning: whether the proposed collection of information is necessary for the proper performance of the functions of the Commission, including whether the information shall have practical utility; the accuracy of the Commission's burden estimate; ways to enhance the quality, utility, and clarity of the information collected; ways to minimize the burden of the collection of information on the respondents, including the use of automated collection techniques or other forms of information technology; and ways to further reduce the information collection burden on small business concerns with fewer than 25 employees.",https://www.federalregister.gov/documents/2026/01/22/2026-01105/information-collection-being-reviewed-by-the-federal-communications-commission
Information Collection Being Reviewed by the Federal Communications Commission Under Delegated Authority,Information Collection Being Reviewed by the Federal Communications Commission Under Delegated Authority,"As part of its continuing effort to reduce paperwork burdens, and as required by the Paperwork Reduction Act (PRA) of 1995, the Federal Communications Commission (FCC or the Commission) invites the general public and other Federal agencies to take this opportunity to comment on the following information collection. Comments are requested concerning: whether the proposed collection of information is necessary for the proper performance of the functions of the Commission, including whether the information shall have practical utility; the accuracy of the Commission's burden estimate; ways to enhance the quality, utility, and clarity of the information collected; ways to minimize the burden of the collection of information on the respondents, including the use of automated collection techniques or other forms of information technology; and ways to further reduce the information collection burden on small business concerns with fewer than 25 employees. The FCC may not conduct or sponsor a collection of information unless it displays a currently valid control number. No person shall be subject to any penalty for failing to comply with a collection of information subject to the PRA that does not display a valid Office of Management and Budget (OMB) control number.",https://www.federalregister.gov/documents/2026/01/22/2026-01104/information-collection-being-reviewed-by-the-federal-communications-commission-under-delegated
60-Day Notice of Proposed Information Collection: Smart Traveler Enrollment Program (STEP),60-Day Notice of Proposed Information Collection: Smart Traveler Enrollment Program (STEP),"The Department of State (the Department) is seeking Office of Management and Budget (OMB) approval for the information collection described below. In accordance with the Paperwork Reduction Act of 1995, we are requesting comments on this collection from all interested individuals and organizations. The purpose of this notice is to allow 60 days for public comment preceding submission of the collection to OMB.",https://www.federalregister.gov/documents/2026/01/22/2026-01103/60-day-notice-of-proposed-information-collection-smart-traveler-enrollment-program-step
"Wagner-Peyser Act Staffing, Delay of Merit Staffing Compliance Date","Wagner-Peyser Act Staffing, Delay of Merit Staffing Compliance Date","The Department of Labor's (Department's) Employment and Training Administration (ETA) is delaying by 1 year the date by which State grantees, as a condition on their grant funds, must comply with the regulatory requirements in the 2023 Wagner-Peyser Act Staffing Final Rule regarding the grant-funded staffing models States must use to deliver services in the Wagner-Peyser Act Employment Service (ES). The 2023 Final Rule became effective on January 23, 2024, and provided that all States have until January 22, 2026, 24 months after the effective date of the rule, to comply with the staffing requirements. With this 1-year delay, the compliance date is now January 21, 2027.",https://www.federalregister.gov/documents/2026/01/21/2026-01117/wagner-peyser-act-staffing-delay-of-merit-staffing-compliance-date
"Establishment of Class E Airspace; Birch Creek Airport, Birch Creek, AK","Establishment of Class E Airspace; Birch Creek Airport, Birch Creek, AK","This action proposes to establish Class E airspace extending upward from 700 feet above the surface at Birch Creek Airport, Birch Creek, AK. This action would support the safety and management of instrument flight rules (IFR) operations at the airport.",https://www.federalregister.gov/documents/2026/01/21/2026-01098/establishment-of-class-e-airspace-birch-creek-airport-birch-creek-ak
Agency Information Collection Activities; Renewal of an Approved Information Collection: Commercial Motor Vehicle Marking Requirements,Agency Information Collection Activities; Renewal of an Approved Information Collection: Commercial Motor Vehicle Marking Requirements,"In accordance with the Paperwork Reduction Act of 1995, FMCSA announces its plan to submit the Information Collection Request (ICR) described below to the Office of Management and Budget (OMB) for review and approval and invites public comment. FMCSA requests approval to renew an ICR titled, ""Marking of Self-Propelled CMVs and Intermodal Equipment."" The renewal of this ICR will enable FMCSA to continue documenting the burden associated with the commercial motor vehicle (CMV) marking regulations. These regulations require marking of self- propelled CMVs and intermodal equipment by motor carriers, freight forwarders, and intermodal equipment providers (IEPs) engaging in interstate transportation and motor carriers that transport hazardous materials (HM) in intrastate transportation subject to the Hazardous Materials Safety Permit (HMSP) rules.",https://www.federalregister.gov/documents/2026/01/21/2026-01096/agency-information-collection-activities-renewal-of-an-approved-information-collection-commercial
